{"mean_": [306.1951370276874], "scale_": [6.306006719039653], "var_": [39.76572074057325], "n_features_in_": 1, "feature_names_in_": null}