{"mean_": [303.4143991111313], "scale_": [6.332988122154575], "var_": [40.10673855535092], "n_features_in_": 1, "feature_names_in_": null}